INSERT INTO Nation (NationalityCode, NationName) VALUES 
('VN', 'Vietnam'),
('US', 'United States'),
('JP', 'Japan');

INSERT INTO Bank (BankCode, BankName) VALUES 
('VCB', 'Vietcombank'),
('MB', 'MB Bank'),
('TCB', 'Techcombank'),
('ACB', 'Asia Commercial Bank');

INSERT INTO ClientInfo (AccountNumber, SocialNumber, ClientName, DateBirth, NationalityCode, PhoneNumber, Email, ClientAddress, BankCode, Balance) VALUES 
('0011004567890', '001090000001', 'Nguyen Van An', '1990-01-15', 'VN', '0901000001', 'an.nguyen@example.com', '123 Ba Dinh, Ha Noi', 'VCB', 500000000),
('0902345678', '001091000002', 'Tran Thi Binh', '1991-03-20', 'VN', '0902000002', 'binh.tran@example.com', '456 Cau Giay, Ha Noi', 'MB', 450000000),
('19034567891011', '001092000003', 'Le Van Cuong', '1992-05-25', 'VN', '0903000003', 'cuong.le@example.com', '789 Dong Da, Ha Noi', 'TCB', 300000000),
('245678901', '001093000004', 'Pham Thi Dung', '1993-07-30', 'VN', '0904000004', 'dung.pham@example.com', '321 Thanh Xuan, Ha Noi', 'ACB', 600000000),
('0451000123456', '001094000005', 'Hoang Van Em', '1994-09-10', 'VN', '0905000005', 'em.hoang@example.com', '654 Hoan Kiem, Ha Noi', 'VCB', 200000000),
('8888654321', '001095000006', 'Vu Thi Huong', '1995-11-15', 'VN', '0906000006', 'huong.vu@example.com', '987 Hai Ba Trung, Ha Noi', 'MB', 700000000),
('19129876543210', '001096000007', 'Dang Van Giang', '1996-02-20', 'US', '0907000007', 'giang.dang@example.com', '159 Tay Ho, Ha Noi', 'TCB', 800000000),
('12345678', '001097000008', 'Bui Thi Hanh', '1997-04-25', 'JP', '0908000008', 'hanh.bui@example.com', '753 Long Bien, Ha Noi', 'ACB', 150000000),
('0021000987654', '001098000009', 'Do Van Hung', '1998-06-30', 'VN', '0909000009', 'hung.do@example.com', '951 Nam Tu Liem, Ha Noi', 'VCB', 550000000),
('0333999888', '001099000010', 'Ngo Thi Lan', '1999-08-05', 'VN', '0910000010', 'lan.ngo@example.com', '357 Bac Tu Liem, Ha Noi', 'MB', 900000000);


INSERT INTO TransactionInfo (TransactionNumber, SendBankNum, SendNumber, ReceiveBankNum, ReceiveNumber, MoneySend, TimeSend, Note) VALUES 
('TRX0001', 'VCB', '0011004567890', 'MB', '0902345678', 5000000, '2025-10-01 08:30:00', 'Chuyen tien mua hang'),
('TRX0002', 'VCB', '0011004567890', 'TCB', '19034567891011', 2000000, '2025-10-01 09:15:00', 'Thanh toan tien dien'),
('TRX0003', 'VCB', '0011004567890', 'ACB', '245678901', 1500000, '2025-10-02 10:00:00', 'Tra no'),
('TRX0004', 'VCB', '0011004567890', 'VCB', '0451000123456', 3000000, '2025-10-02 14:20:00', 'Chuyen khoan'),
('TRX0005', 'MB', '0902345678', 'VCB', '0011004567890', 1000000, '2025-10-03 08:00:00', 'Tra tien an trua'),
('TRX0006', 'MB', '0902345678', 'TCB', '19034567891011', 5000000, '2025-10-03 16:45:00', 'Mua qua'),
('TRX0007', 'MB', '0902345678', 'ACB', '245678901', 8000000, '2025-10-04 09:30:00', 'Thanh toan hop dong'),
('TRX0008', 'TCB', '19034567891011', 'VCB', '0011004567890', 2500000, '2025-10-05 11:10:00', 'Chuyen tien hoc'),
('TRX0009', 'TCB', '19034567891011', 'MB', '0902345678', 1200000, '2025-10-06 13:25:00', 'Tien nuoc'),
('TRX0010', 'ACB', '245678901', 'VCB', '0011004567890', 6000000, '2025-10-07 15:40:00', 'Gui me'),
('TRX0011', 'VCB', '0451000123456', 'MB', '8888654321', 4500000, '2025-10-08 10:05:00', 'Tien thue nha'),
('TRX0012', 'MB', '8888654321', 'TCB', '19129876543210', 9000000, '2025-10-09 14:50:00', 'Mua laptop'),
('TRX0013', 'TCB', '19129876543210', 'ACB', '12345678', 3200000, '2025-10-10 09:15:00', 'Ve may bay'),
('TRX0014', 'ACB', '12345678', 'VCB', '0021000987654', 1500000, '2025-10-11 11:30:00', 'Shopee'),
('TRX0015', 'VCB', '0021000987654', 'MB', '0333999888', 700000, '2025-10-12 16:00:00', 'Grab'),
('TRX0016', 'MB', '0333999888', 'VCB', '0011004567890', 20000000, '2025-10-13 08:45:00', 'Luong thang 9'),
('TRX0017', 'VCB', '0011004567890', 'MB', '8888654321', 1100000, '2025-10-14 19:20:00', 'An toi'),
('TRX0018', 'MB', '0902345678', 'TCB', '19129876543210', 3300000, '2025-10-15 10:10:00', 'Sua xe'),
('TRX0019', 'TCB', '19034567891011', 'ACB', '12345678', 4100000, '2025-10-16 13:55:00', 'Dong bao hiem'),
('TRX0020', 'ACB', '245678901', 'VCB', '0021000987654', 500000, '2025-10-17 15:30:00', 'Nap the'),
('TRX0021', 'VCB', '0451000123456', 'MB', '0333999888', 8800000, '2025-10-18 09:00:00', 'Tien hang'),
('TRX0022', 'MB', '8888654321', 'VCB', '0011004567890', 250000, '2025-10-19 12:15:00', 'Cafe'),
('TRX0023', 'TCB', '19129876543210', 'MB', '0902345678', 1900000, '2025-10-20 17:40:00', 'Qua 20/10'),
('TRX0024', 'ACB', '12345678', 'TCB', '19034567891011', 6000000, '2025-10-21 08:20:00', 'Du lich'),
('TRX0025', 'VCB', '0021000987654', 'ACB', '245678901', 2200000, '2025-10-22 14:00:00', 'Khach san'),
('TRX0026', 'MB', '0333999888', 'VCB', '0451000123456', 900000, '2025-10-23 10:30:00', 'Xang xe'),
('TRX0027', 'VCB', '0011004567890', 'TCB', '19129876543210', 15000000, '2025-10-24 16:10:00', 'Dat coc nha'),
('TRX0028', 'MB', '0902345678', 'ACB', '12345678', 750000, '2025-10-25 11:45:00', 'Giay dep'),
('TRX0029', 'TCB', '19034567891011', 'VCB', '0021000987654', 1300000, '2025-10-26 13:15:00', 'Quan ao'),
('TRX0030', 'ACB', '245678901', 'MB', '0333999888', 4500000, '2025-10-27 09:50:00', 'Hoc phi'),
('TRX0031', 'VCB', '0451000123456', 'TCB', '19034567891011', 2100000, '2025-11-01 08:00:00', 'Tien dien thang 10'),
('TRX0032', 'MB', '8888654321', 'ACB', '245678901', 3600000, '2025-11-02 10:20:00', 'Internet'),
('TRX0033', 'TCB', '19129876543210', 'VCB', '0451000123456', 5500000, '2025-11-03 15:30:00', 'Tra gop'),
('TRX0034', 'ACB', '12345678', 'MB', '8888654321', 1250000, '2025-11-04 12:00:00', 'Sinh nhat'),
('TRX0035', 'VCB', '0021000987654', 'TCB', '19129876543210', 800000, '2025-11-05 17:15:00', 'Xem phim'),
('TRX0036', 'MB', '0333999888', 'ACB', '12345678', 9500000, '2025-11-06 09:10:00', 'Mua tivi'),
('TRX0037', 'VCB', '0011004567890', 'VCB', '0021000987654', 300000, '2025-11-07 14:40:00', 'An sang'),
('TRX0038', 'MB', '0902345678', 'MB', '0333999888', 4000000, '2025-11-08 11:25:00', 'Cho vay'),
('TRX0039', 'TCB', '19034567891011', 'TCB', '19129876543210', 6000000, '2025-11-09 16:50:00', 'Tra no dot 1'),
('TRX0040', 'ACB', '245678901', 'ACB', '12345678', 200000, '2025-11-10 08:35:00', 'Nuoc ngot'),
('TRX0041', 'VCB', '0451000123456', 'MB', '0902345678', 10000000, '2025-11-11 13:00:00', 'Sale 11/11'),
('TRX0042', 'MB', '8888654321', 'TCB', '19034567891011', 500000, '2025-11-12 10:15:00', 'Sach vo'),
('TRX0043', 'TCB', '19129876543210', 'ACB', '245678901', 1800000, '2025-11-13 15:45:00', 'Kham benh'),
('TRX0044', 'ACB', '12345678', 'VCB', '0451000123456', 7000000, '2025-11-14 09:30:00', 'Gym'),
('TRX0045', 'VCB', '0021000987654', 'MB', '8888654321', 350000, '2025-11-15 12:10:00', 'Tra sua'),
('TRX0046', 'MB', '0333999888', 'TCB', '19129876543210', 25000000, '2025-11-16 18:00:00', 'Mua xe may'),
('TRX0047', 'VCB', '0011004567890', 'ACB', '12345678', 4200000, '2025-11-17 08:50:00', 'Bao duong xe'),
('TRX0048', 'MB', '0902345678', 'VCB', '0021000987654', 1100000, '2025-11-18 14:25:00', 'My pham'),
('TRX0049', 'TCB', '19034567891011', 'MB', '0333999888', 8000000, '2025-11-19 11:40:00', 'Dien thoai'),
('TRX0050', 'ACB', '245678901', 'VCB', '0011004567890', 900000, '2025-11-20 16:30:00', 'Qua 20/11'),
('TRX0051', 'VCB', '0451000123456', 'MB', '8888654321', 6000000, '2025-12-01 09:00:00', 'Gui tiet kiem'),
('TRX0052', 'MB', '8888654321', 'TCB', '19129876543210', 3000000, '2025-12-02 13:30:00', 'Ve que'),
('TRX0053', 'TCB', '19129876543210', 'ACB', '12345678', 1500000, '2025-12-03 10:45:00', 'Lixi'),
('TRX0054', 'ACB', '12345678', 'VCB', '0021000987654', 2000000, '2025-12-04 15:15:00', 'Tat nien'),
('TRX0055', 'VCB', '0021000987654', 'MB', '0333999888', 5000000, '2025-12-05 08:20:00', 'Thuong tet'),
('TRX0056', 'MB', '0333999888', 'VCB', '0011004567890', 1200000, '2025-12-06 14:00:00', 'Sua nha'),
('TRX0057', 'VCB', '0011004567890', 'MB', '0902345678', 450000, '2025-12-07 11:10:00', 'Taxi'),
('TRX0058', 'MB', '0902345678', 'TCB', '19034567891011', 3300000, '2025-12-08 17:00:00', 'Hoc tieng anh'),
('TRX0059', 'TCB', '19034567891011', 'ACB', '245678901', 2800000, '2025-12-09 09:40:00', 'Du lich Sapa'),
('TRX0060', 'ACB', '245678901', 'VCB', '0451000123456', 650000, '2025-12-10 13:50:00', 'Giat la'),
('TRX0061', 'VCB', '0451000123456', 'MB', '8888654321', 10000000, '2025-12-11 10:00:00', 'Dau tu'),
('TRX0062', 'MB', '8888654321', 'TCB', '19129876543210', 400000, '2025-12-12 15:20:00', 'Mua sach'),
('TRX0063', 'TCB', '19129876543210', 'ACB', '12345678', 7000000, '2025-12-13 08:45:00', 'May lanh'),
('TRX0064', 'ACB', '12345678', 'VCB', '0021000987654', 150000, '2025-12-14 12:30:00', 'Card dien thoai'),
('TRX0065', 'VCB', '0021000987654', 'MB', '0333999888', 3000000, '2025-12-15 16:10:00', 'Party'),
('TRX0066', 'MB', '0333999888', 'VCB', '0011004567890', 9000000, '2025-12-16 09:15:00', 'Tien hang dot 2'),
('TRX0067', 'VCB', '0011004567890', 'TCB', '19034567891011', 2000000, '2025-12-17 14:50:00', 'Chuyen khoan nhanh'),
('TRX0068', 'MB', '0902345678', 'ACB', '245678901', 5000000, '2025-12-18 11:30:00', 'Hoc phi ky 2'),
('TRX0069', 'TCB', '19034567891011', 'VCB', '0451000123456', 1000000, '2025-12-19 17:00:00', 'Ung luong'),
('TRX0070', 'ACB', '245678901', 'MB', '8888654321', 800000, '2025-12-20 10:00:00', 'Tien dien nuoc');